{
	"credit": "Made by samus2002",
	"texture_size": [64, 64],
	"textures": {
		"0": "reaper_texture/scythe_reaper",
		"particle": "reaper_texture/scythe_reaper"
	},
	"elements": [
		{
			"from": [7, -9.6495, 13.66112],
			"to": [9, 22.3505, 15.66112],
			"rotation": {"angle": 0, "axis": "y", "origin": [8, 8, 8]},
			"faces": {
				"north": {"uv": [3.25, 0, 3.75, 8], "texture": "#0"},
				"east": {"uv": [4, 0, 4.5, 8], "texture": "#0"},
				"south": {"uv": [4.75, 0, 5.25, 8], "texture": "#0"},
				"west": {"uv": [5.5, 0, 6, 8], "texture": "#0"},
				"up": {"uv": [6, 8.75, 5.5, 8.25], "texture": "#0"},
				"down": {"uv": [7, 9.25, 6.5, 9.75], "texture": "#0"}
			}
		},
		{
			"from": [6.5, 17.3505, 13.16112],
			"to": [9.5, 22.3505, 16.16112],
			"rotation": {"angle": 0, "axis": "y", "origin": [8, 8, 8]},
			"faces": {
				"north": {"uv": [4, 9.5, 4.75, 10.75], "texture": "#0"},
				"east": {"uv": [9.5, 4.25, 10.25, 5.5], "texture": "#0"},
				"south": {"uv": [9.75, 7.75, 10.5, 9], "texture": "#0"},
				"west": {"uv": [9.75, 9.25, 10.5, 10.5], "texture": "#0"},
				"up": {"uv": [11.75, 6.75, 11, 6], "texture": "#0"},
				"down": {"uv": [11.5, 11, 10.75, 11.75], "texture": "#0"}
			}
		},
		{
			"from": [8, 18.3505, 16.16112],
			"to": [8, 23.3505, 19.16112],
			"rotation": {"angle": 0, "axis": "y", "origin": [8, 8, 8]},
			"faces": {
				"north": {"uv": [3, 6.75, 3, 8], "texture": "#0"},
				"east": {"uv": [0.75, 9.25, 0, 10.5], "texture": "#0"},
				"south": {"uv": [10.5, 11.75, 10.5, 13], "texture": "#0"},
				"west": {"uv": [0, 9.25, 0.75, 10.5], "texture": "#0"},
				"up": {"uv": [5, 10.25, 5, 9.5], "texture": "#0"},
				"down": {"uv": [5.25, 9.5, 5.25, 10.25], "texture": "#0"}
			}
		},
		{
			"from": [6.5, -6.6495, 13.16112],
			"to": [9.5, -5.6495, 16.16112],
			"rotation": {"angle": 0, "axis": "y", "origin": [8, 8, 8]},
			"faces": {
				"north": {"uv": [12.5, 11.5, 11.75, 11.75], "texture": "#0"},
				"east": {"uv": [12.5, 11, 11.75, 11.25], "texture": "#0"},
				"south": {"uv": [12.5, 10.5, 11.75, 10.75], "texture": "#0"},
				"west": {"uv": [12.5, 10, 11.75, 10.25], "texture": "#0"},
				"up": {"uv": [4, 11.75, 4.75, 11], "rotation": 270, "texture": "#0"},
				"down": {"uv": [11, 5, 11.75, 5.75], "rotation": 90, "texture": "#0"}
			}
		},
		{
			"from": [6.5, 2.3505, 13.16112],
			"to": [9.5, 3.3505, 16.16112],
			"rotation": {"angle": 0, "axis": "y", "origin": [8, 8, 8]},
			"faces": {
				"north": {"uv": [12.5, 10, 11.75, 10.25], "texture": "#0"},
				"east": {"uv": [12.5, 11.5, 11.75, 11.75], "texture": "#0"},
				"south": {"uv": [12.5, 11, 11.75, 11.25], "texture": "#0"},
				"west": {"uv": [12.5, 10.5, 11.75, 10.75], "texture": "#0"},
				"up": {"uv": [4, 11.75, 4.75, 11], "texture": "#0"},
				"down": {"uv": [11, 5, 11.75, 5.75], "texture": "#0"}
			}
		},
		{
			"from": [6.5, -0.6495, 13.16112],
			"to": [9.5, 0.3505, 16.16112],
			"rotation": {"angle": 0, "axis": "y", "origin": [8, 8, 8]},
			"faces": {
				"north": {"uv": [12.5, 10.5, 11.75, 10.75], "texture": "#0"},
				"east": {"uv": [12.5, 10, 11.75, 10.25], "texture": "#0"},
				"south": {"uv": [12.5, 11.5, 11.75, 11.75], "texture": "#0"},
				"west": {"uv": [12.5, 11, 11.75, 11.25], "texture": "#0"},
				"up": {"uv": [4, 11.75, 4.75, 11], "rotation": 90, "texture": "#0"},
				"down": {"uv": [11, 5, 11.75, 5.75], "rotation": 270, "texture": "#0"}
			}
		},
		{
			"from": [6.5, -3.6495, 13.16112],
			"to": [9.5, -2.6495, 16.16112],
			"rotation": {"angle": 0, "axis": "y", "origin": [8, 8, 8]},
			"faces": {
				"north": {"uv": [12.5, 11, 11.75, 11.25], "texture": "#0"},
				"east": {"uv": [12.5, 10.5, 11.75, 10.75], "texture": "#0"},
				"south": {"uv": [12.5, 10, 11.75, 10.25], "texture": "#0"},
				"west": {"uv": [12.5, 11.5, 11.75, 11.75], "texture": "#0"},
				"up": {"uv": [4, 11.75, 4.75, 11], "rotation": 180, "texture": "#0"},
				"down": {"uv": [11, 5, 11.75, 5.75], "rotation": 180, "texture": "#0"}
			}
		},
		{
			"from": [8, -15.45287, 5.88453],
			"to": [8, -10.45287, 8.88453],
			"rotation": {"angle": -22.5, "axis": "x", "origin": [8, 8, 8]},
			"faces": {
				"north": {"uv": [5, 12.25, 5, 13.5], "texture": "#0"},
				"east": {"uv": [9.5, 2.75, 10.25, 4], "texture": "#0"},
				"south": {"uv": [5.25, 12.25, 5.25, 13.5], "texture": "#0"},
				"west": {"uv": [3, 9.5, 3.75, 10.75], "texture": "#0"},
				"up": {"uv": [12.25, 5.75, 12.25, 5], "texture": "#0"},
				"down": {"uv": [5.5, 12.25, 5.5, 13], "texture": "#0"}
			}
		},
		{
			"from": [6.4875, 17.97754, 16.29592],
			"to": [9.5125, 22.97754, 23.29592],
			"rotation": {"angle": -22.5, "axis": "x", "origin": [8, 8, 8]},
			"faces": {
				"north": {"uv": [1, 9.25, 1.75, 10.5], "texture": "#0"},
				"east": {"uv": [6.25, 1.25, 8, 2.5], "texture": "#0"},
				"south": {"uv": [2, 9.25, 2.75, 10.5], "texture": "#0"},
				"west": {"uv": [6.25, 2.75, 8, 4], "texture": "#0"},
				"up": {"uv": [0.75, 9, 0, 7.25], "texture": "#0"},
				"down": {"uv": [1.75, 7.25, 1, 9], "texture": "#0"}
			}
		},
		{
			"from": [6.5, 21.40604, -0.60457],
			"to": [9.5, 26.40604, 6.39543],
			"rotation": {"angle": 22.5, "axis": "x", "origin": [8, 8, 8]},
			"faces": {
				"north": {"uv": [5.5, 9.25, 6.25, 10.5], "texture": "#0"},
				"east": {"uv": [6.25, 4.25, 8, 5.5], "texture": "#0"},
				"south": {"uv": [8.75, 9.25, 9.5, 10.5], "texture": "#0"},
				"west": {"uv": [6.25, 5.75, 8, 7], "texture": "#0"},
				"up": {"uv": [2.75, 9, 2, 7.25], "texture": "#0"},
				"down": {"uv": [7, 7.25, 6.25, 9], "texture": "#0"}
			}
		},
		{
			"from": [6, 22.16616, 8.52635],
			"to": [6, 26.16616, 11.52635],
			"rotation": {"angle": 0, "axis": "x", "origin": [8, 8, 8]},
			"faces": {
				"north": {"uv": [0, 12, 0, 13], "texture": "#0"},
				"east": {"uv": [10.75, 0, 10, 1], "texture": "#0"},
				"south": {"uv": [0.25, 12, 0.25, 13], "texture": "#0"},
				"west": {"uv": [10, 0, 10.75, 1], "texture": "#0"},
				"up": {"uv": [12, 0.75, 12, 0], "texture": "#0"},
				"down": {"uv": [0.5, 12, 0.5, 12.75], "texture": "#0"}
			}
		},
		{
			"from": [8, 16.33648, 11.42585],
			"to": [8, 20.33648, 14.42585],
			"rotation": {"angle": -22.5, "axis": "x", "origin": [8, 8, 8]},
			"faces": {
				"north": {"uv": [0, 12, 0, 13], "texture": "#0"},
				"east": {"uv": [10.75, 0, 10, 1], "texture": "#0"},
				"south": {"uv": [0.25, 12, 0.25, 13], "texture": "#0"},
				"west": {"uv": [10, 0, 10.75, 1], "texture": "#0"},
				"up": {"uv": [12, 0.75, 12, 0], "texture": "#0"},
				"down": {"uv": [0.5, 12, 0.5, 12.75], "texture": "#0"}
			}
		},
		{
			"from": [8, 15.50656, 6.69886],
			"to": [8, 18.50656, 10.69886],
			"rotation": {"angle": 22.5, "axis": "x", "origin": [8, 8, 8]},
			"faces": {
				"north": {"uv": [12, 0.75, 12, 0], "rotation": 180, "texture": "#0"},
				"east": {"uv": [10.75, 0, 10, 1], "rotation": 90, "texture": "#0"},
				"south": {"uv": [0.5, 12, 0.5, 12.75], "texture": "#0"},
				"west": {"uv": [10, 0, 10.75, 1], "rotation": 270, "texture": "#0"},
				"up": {"uv": [0.25, 12, 0.25, 13], "texture": "#0"},
				"down": {"uv": [0, 12, 0, 13], "rotation": 180, "texture": "#0"}
			}
		},
		{
			"from": [6.5, 11.16462, 16.25649],
			"to": [9.5, 15.16462, 16.25649],
			"rotation": {"angle": -45, "axis": "x", "origin": [8, 8, 8]},
			"faces": {
				"north": {"uv": [10, 0, 10.75, 1], "texture": "#0"},
				"east": {"uv": [0, 12, 0, 13], "texture": "#0"},
				"south": {"uv": [10.75, 0, 10, 1], "texture": "#0"},
				"west": {"uv": [0.25, 12, 0.25, 13], "texture": "#0"},
				"up": {"uv": [12, 0.75, 12, 0], "rotation": 90, "texture": "#0"},
				"down": {"uv": [0.5, 12, 0.5, 12.75], "rotation": 270, "texture": "#0"}
			}
		},
		{
			"from": [6, 12.98495, 12.86054],
			"to": [10, 15.98495, 12.86054],
			"rotation": {"angle": 0, "axis": "y", "origin": [8, 8, 8]},
			"faces": {
				"north": {"uv": [10, 0, 10.75, 1], "rotation": 270, "texture": "#0"},
				"east": {"uv": [12, 0.75, 12, 0], "rotation": 180, "texture": "#0"},
				"south": {"uv": [10.75, 0, 10, 1], "rotation": 90, "texture": "#0"},
				"west": {"uv": [0.5, 12, 0.5, 12.75], "texture": "#0"},
				"up": {"uv": [0.25, 12, 0.25, 13], "rotation": 90, "texture": "#0"},
				"down": {"uv": [0, 12, 0, 13], "rotation": 90, "texture": "#0"}
			}
		},
		{
			"from": [6, 13.84509, 12.25467],
			"to": [10, 13.84509, 15.25467],
			"rotation": {"angle": 22.5, "axis": "x", "origin": [8, 8, 8]},
			"faces": {
				"north": {"uv": [0.25, 12, 0.25, 13], "rotation": 270, "texture": "#0"},
				"east": {"uv": [12, 0.75, 12, 0], "rotation": 270, "texture": "#0"},
				"south": {"uv": [0, 12, 0, 13], "rotation": 90, "texture": "#0"},
				"west": {"uv": [0.5, 12, 0.5, 12.75], "rotation": 270, "texture": "#0"},
				"up": {"uv": [10.75, 0, 10, 1], "rotation": 90, "texture": "#0"},
				"down": {"uv": [10, 0, 10.75, 1], "rotation": 90, "texture": "#0"}
			}
		},
		{
			"from": [6.69134, 8.13127, 13.47223],
			"to": [6.69134, 12.13127, 16.47223],
			"rotation": {"angle": -22.5, "axis": "x", "origin": [8, 8, 8]},
			"faces": {
				"north": {"uv": [0, 12, 0, 13], "texture": "#0"},
				"east": {"uv": [10.75, 0, 10, 1], "texture": "#0"},
				"south": {"uv": [0.25, 12, 0.25, 13], "texture": "#0"},
				"west": {"uv": [10, 0, 10.75, 1], "texture": "#0"},
				"up": {"uv": [12, 0.75, 12, 0], "texture": "#0"},
				"down": {"uv": [0.5, 12, 0.5, 12.75], "texture": "#0"}
			}
		},
		{
			"from": [9.30866, 8.13127, 13.47223],
			"to": [9.30866, 12.13127, 16.47223],
			"rotation": {"angle": -22.5, "axis": "x", "origin": [8, 8, 8]},
			"faces": {
				"north": {"uv": [0, 12, 0, 13], "texture": "#0"},
				"east": {"uv": [10.75, 0, 10, 1], "texture": "#0"},
				"south": {"uv": [0.25, 12, 0.25, 13], "texture": "#0"},
				"west": {"uv": [10, 0, 10.75, 1], "texture": "#0"},
				"up": {"uv": [12, 0.75, 12, 0], "texture": "#0"},
				"down": {"uv": [0.5, 12, 0.5, 12.75], "texture": "#0"}
			}
		},
		{
			"from": [10.26631, 19.21633, 10.02635],
			"to": [13.26631, 23.21633, 10.02635],
			"rotation": {"angle": 22.5, "axis": "z", "origin": [8, 8, 8]},
			"faces": {
				"north": {"uv": [10, 0, 10.75, 1], "texture": "#0"},
				"east": {"uv": [3.25, 12, 3.25, 13], "texture": "#0"},
				"south": {"uv": [10.75, 0, 10, 1], "texture": "#0"},
				"west": {"uv": [3.5, 12, 3.5, 13], "texture": "#0"},
				"up": {"uv": [4.5, 12, 3.75, 12], "texture": "#0"},
				"down": {"uv": [5.5, 12, 4.75, 12], "texture": "#0"}
			}
		},
		{
			"from": [-2.18217, 22.50854, 10.02635],
			"to": [0.81783, 26.50854, 10.02635],
			"rotation": {"angle": -22.5, "axis": "z", "origin": [8, 8, 8]},
			"faces": {
				"north": {"uv": [10, 0, 10.75, 1], "texture": "#0"},
				"east": {"uv": [3.25, 12, 3.25, 13], "texture": "#0"},
				"south": {"uv": [10.75, 0, 10, 1], "texture": "#0"},
				"west": {"uv": [3.5, 12, 3.5, 13], "texture": "#0"},
				"up": {"uv": [4.5, 12, 3.75, 12], "texture": "#0"},
				"down": {"uv": [5.5, 12, 4.75, 12], "texture": "#0"}
			}
		},
		{
			"from": [6, 26.84083, 0.78563],
			"to": [10, 26.84083, 3.78563],
			"rotation": {"angle": 22.5, "axis": "x", "origin": [8, 8, 8]},
			"faces": {
				"north": {"uv": [3.5, 12, 3.5, 13], "rotation": 90, "texture": "#0"},
				"east": {"uv": [5.5, 12, 4.75, 12], "rotation": 180, "texture": "#0"},
				"south": {"uv": [3.25, 12, 3.25, 13], "rotation": 270, "texture": "#0"},
				"west": {"uv": [4.5, 12, 3.75, 12], "texture": "#0"},
				"up": {"uv": [10, 0, 10.75, 1], "rotation": 270, "texture": "#0"},
				"down": {"uv": [10.75, 0, 10, 1], "rotation": 270, "texture": "#0"}
			}
		},
		{
			"from": [6, 20.50948, 8.30913],
			"to": [10, 20.50948, 11.30913],
			"rotation": {"angle": 0, "axis": "x", "origin": [8, 8, 8]},
			"faces": {
				"north": {"uv": [3.5, 12, 3.5, 13], "rotation": 90, "texture": "#0"},
				"east": {"uv": [5.5, 12, 4.75, 12], "rotation": 180, "texture": "#0"},
				"south": {"uv": [3.25, 12, 3.25, 13], "rotation": 270, "texture": "#0"},
				"west": {"uv": [4.5, 12, 3.75, 12], "texture": "#0"},
				"up": {"uv": [10, 0, 10.75, 1], "rotation": 270, "texture": "#0"},
				"down": {"uv": [10.75, 0, 10, 1], "rotation": 270, "texture": "#0"}
			}
		},
		{
			"from": [15.18217, 22.50854, 10.05135],
			"to": [18.18217, 26.50854, 10.05135],
			"rotation": {"angle": 22.5, "axis": "z", "origin": [8, 8, 8]},
			"faces": {
				"north": {"uv": [10.75, 0, 10, 1], "texture": "#0"},
				"east": {"uv": [3.5, 12, 3.5, 13], "texture": "#0"},
				"south": {"uv": [10, 0, 10.75, 1], "texture": "#0"},
				"west": {"uv": [3.25, 12, 3.25, 13], "texture": "#0"},
				"up": {"uv": [3.75, 12, 4.5, 12], "texture": "#0"},
				"down": {"uv": [4.75, 12, 5.5, 12], "texture": "#0"}
			}
		},
		{
			"from": [10, 22.16616, 8.55135],
			"to": [10, 26.16616, 11.55135],
			"rotation": {"angle": 0, "axis": "x", "origin": [8, 8, 8]},
			"faces": {
				"north": {"uv": [0, 12, 0, 13], "texture": "#0"},
				"east": {"uv": [10.75, 0, 10, 1], "texture": "#0"},
				"south": {"uv": [0.25, 12, 0.25, 13], "texture": "#0"},
				"west": {"uv": [10, 0, 10.75, 1], "texture": "#0"},
				"up": {"uv": [12, 0.75, 12, 0], "texture": "#0"},
				"down": {"uv": [0.5, 12, 0.5, 12.75], "texture": "#0"}
			}
		},
		{
			"from": [2.73369, 19.21633, 10.05135],
			"to": [5.73369, 23.21633, 10.05135],
			"rotation": {"angle": -22.5, "axis": "z", "origin": [8, 8, 8]},
			"faces": {
				"north": {"uv": [10.75, 0, 10, 1], "texture": "#0"},
				"east": {"uv": [3.5, 12, 3.5, 13], "texture": "#0"},
				"south": {"uv": [10, 0, 10.75, 1], "texture": "#0"},
				"west": {"uv": [3.25, 12, 3.25, 13], "texture": "#0"},
				"up": {"uv": [3.75, 12, 4.5, 12], "texture": "#0"},
				"down": {"uv": [4.75, 12, 5.5, 12], "texture": "#0"}
			}
		},
		{
			"from": [10, 22.16616, 8.52635],
			"to": [10, 26.16616, 11.52635],
			"rotation": {"angle": 0, "axis": "x", "origin": [8, 8, 8]},
			"faces": {
				"north": {"uv": [12, 6.75, 12, 7.75], "texture": "#0"},
				"east": {"uv": [0, 10.75, 0.75, 11.75], "texture": "#0"},
				"south": {"uv": [12, 8, 12, 9], "texture": "#0"},
				"west": {"uv": [1, 10.75, 1.75, 11.75], "texture": "#0"},
				"up": {"uv": [10.75, 12.75, 10.75, 12], "texture": "#0"},
				"down": {"uv": [11, 12, 11, 12.75], "texture": "#0"}
			}
		},
		{
			"from": [6, 25.40657, 8.22513],
			"to": [10, 29.40657, 12.22513],
			"rotation": {"angle": 22.5, "axis": "x", "origin": [8, 8, 8]},
			"faces": {
				"north": {"uv": [8.25, 2.75, 9.25, 3.75], "texture": "#0"},
				"east": {"uv": [3, 8.25, 4, 9.25], "texture": "#0"},
				"south": {"uv": [8.25, 4, 9.25, 5], "texture": "#0"},
				"west": {"uv": [4.25, 8.25, 5.25, 9.25], "texture": "#0"},
				"up": {"uv": [9.25, 6.25, 8.25, 5.25], "texture": "#0"},
				"down": {"uv": [9.75, 6.5, 8.75, 7.5], "texture": "#0"}
			}
		},
		{
			"from": [8, 20.84945, 13.63037],
			"to": [8, 31.84945, 25.63037],
			"rotation": {"angle": 0, "axis": "x", "origin": [8, 8, 8]},
			"faces": {
				"north": {"uv": [2.5, 12.25, 2.5, 15], "texture": "#0"},
				"east": {"uv": [3, 3, 0, 5.75], "texture": "#0"},
				"south": {"uv": [2.75, 12.25, 2.75, 15], "texture": "#0"},
				"west": {"uv": [0, 3, 3, 5.75], "texture": "#0"},
				"up": {"uv": [3, 15.25, 3, 12.25], "texture": "#0"},
				"down": {"uv": [4.75, 12.25, 4.75, 15.25], "texture": "#0"}
			}
		},
		{
			"from": [6.5, 27.39397, 3.71157],
			"to": [9.5, 29.39397, 6.71157],
			"rotation": {"angle": 45, "axis": "x", "origin": [8, 8, 8]},
			"faces": {
				"north": {"uv": [11.5, 1, 12.25, 1.5], "texture": "#0"},
				"east": {"uv": [11.5, 1.75, 12.25, 2.25], "texture": "#0"},
				"south": {"uv": [11.5, 2.5, 12.25, 3], "texture": "#0"},
				"west": {"uv": [11.5, 3.25, 12.25, 3.75], "texture": "#0"},
				"up": {"uv": [10.5, 11.5, 9.75, 10.75], "texture": "#0"},
				"down": {"uv": [11.5, 10, 10.75, 10.75], "texture": "#0"}
			}
		},
		{
			"from": [7, 22.29423, 4.39912],
			"to": [9, 26.29423, 14.39912],
			"rotation": {"angle": -22.5, "axis": "x", "origin": [8, 8, 8]},
			"faces": {
				"north": {"uv": [6, 11.25, 6.5, 12.25], "texture": "#0"},
				"east": {"uv": [0, 6, 2.5, 7], "texture": "#0"},
				"south": {"uv": [6.75, 11.25, 7.25, 12.25], "texture": "#0"},
				"west": {"uv": [6.25, 0, 8.75, 1], "texture": "#0"},
				"up": {"uv": [7.75, 9.75, 7.25, 7.25], "texture": "#0"},
				"down": {"uv": [8.5, 7.25, 8, 9.75], "texture": "#0"}
			}
		},
		{
			"from": [7.5, 24.27966, 3.67412],
			"to": [8.5, 26.27966, 11.67412],
			"rotation": {"angle": -45, "axis": "x", "origin": [8, 8, 8]},
			"faces": {
				"north": {"uv": [2.75, 6, 3, 6.5], "texture": "#0"},
				"east": {"uv": [8.25, 1.25, 10.25, 1.75], "texture": "#0"},
				"south": {"uv": [8.25, 6.5, 8.5, 7], "texture": "#0"},
				"west": {"uv": [8.25, 2, 10.25, 2.5], "texture": "#0"},
				"up": {"uv": [7.75, 13.25, 7.5, 11.25], "texture": "#0"},
				"down": {"uv": [8.25, 11.25, 8, 13.25], "texture": "#0"}
			}
		}
	],
	"gui_light": "front",
	"display": {
		"thirdperson_righthand": {
			"rotation": [20, 0, 0],
			"translation": [0, 1.5, -4]
		},
		"thirdperson_lefthand": {
			"rotation": [20, 0, 0],
			"translation": [0, 1.5, -4]
		},
		"firstperson_righthand": {
			"translation": [1.5, -1, -5]
		},
		"firstperson_lefthand": {
			"translation": [1.5, -1, -5]
		},
		"ground": {
			"rotation": [0, 0, 90]
		},
		"gui": {
			"rotation": [90, 135, -90],
			"translation": [-0.5, -2.5, -5],
			"scale": [0.37, 0.37, 0.37]
		},
		"fixed": {
			"rotation": [90, -135, 90],
			"translation": [0.5, -2.5, 0.5],
			"scale": [0.45, 0.45, 0.45]
		}
	}
}