{
	"credit": "Made by samus2002",
	"textures": {
		"1": "reaper_texture/soul_slice_4_shadow",
		"2": "reaper_texture/soul_slice_4",
		"particle": "reaper_texture/soul_slice_4"
	},
	"elements": [
		{
			"from": [-10, 8, -9.5],
			"to": [25, 8, 25.5],
			"rotation": {"angle": 0, "axis": "y", "origin": [8, 8, 8]},
			"faces": {
				"north": {"uv": [0, 0, 16, 0], "texture": "#2"},
				"east": {"uv": [0, 0, 16, 0], "texture": "#2"},
				"south": {"uv": [0, 0, 16, 0], "texture": "#2"},
				"west": {"uv": [0, 0, 16, 0], "texture": "#2"},
				"up": {"uv": [0, 0, 16, 16], "rotation": 180, "texture": "#2"},
				"down": {"uv": [0, 16, 16, 0], "rotation": 180, "texture": "#2"}
			}
		},
		{
			"from": [-10, 7.95, -9.5],
			"to": [25, 7.95, 25.5],
			"rotation": {"angle": 0, "axis": "y", "origin": [8, 8, 8]},
			"faces": {
				"north": {"uv": [0, 0, 16, 0], "texture": "#2"},
				"east": {"uv": [0, 0, 16, 0], "texture": "#2"},
				"south": {"uv": [0, 0, 16, 0], "texture": "#2"},
				"west": {"uv": [0, 0, 16, 0], "texture": "#2"},
				"up": {"uv": [0, 0, 16, 16], "rotation": 180, "texture": "#2"},
				"down": {"uv": [0, 16, 16, 0], "rotation": 180, "texture": "#2"}
			}
		},
		{
			"from": [-10, 7.975, -11.5],
			"to": [25, 7.975, 23.5],
			"rotation": {"angle": -22.5, "axis": "y", "origin": [7.5, 7.975, 8]},
			"faces": {
				"north": {"uv": [0, 0, 16, 0], "texture": "#1"},
				"east": {"uv": [0, 0, 16, 0], "texture": "#1"},
				"south": {"uv": [0, 0, 16, 0], "texture": "#1"},
				"west": {"uv": [0, 0, 16, 0], "texture": "#1"},
				"up": {"uv": [0, 0, 16, 16], "rotation": 90, "texture": "#1"},
				"down": {"uv": [0, 16, 16, 0], "rotation": 270, "texture": "#1"}
			}
		}
	],
	"display": {
		"thirdperson_righthand": {
			"rotation": [90, 180, 0],
			"translation": [-6.5, -31.5, 2.75],
			"scale": [4, 4, 4]
		}
	}
}